term,name,target_del_pos,minilm_L,minilm_R,minilm_D,bge_L,bge_R,bge_D
GO:0001667,ameboidal-type cell migration,39,0.01749999999999996,0.019079629629629613,0.019005555555555498,0.014977777777777757,0.017686111111110958,0.017302777777777778
GO:0001704,formation of primary germ layer,2,-0.00026923076923068834,-2.5641025640954496e-05,0.00045299145299149135,-0.00021367521367521292,0.00047863247863255687,0.00023504273504282303
GO:0001954,positive regulation of cell-matrix adhesion,22,0.003277777777777824,0.0026296296296296484,0.0052870370370370345,0.003981481481481475,0.005167438271604929,0.0025092592592592666
GO:0001959,regulation of cytokine-mediated signaling pathway,99,-0.00030867346938778795,-0.0023407029478457186,0.0018962585034014712,0.0023333333333331874,0.005531179138321907,0.005243197278911538
GO:0002027,regulation of heart rate,53,-0.0004198717948717956,0.0023985042735042983,0.00020192307692301625,0.0025384615384614895,0.00100747863247852,0.002512820512820535
GO:0002520,immune system development,11,0.0031250000000000444,0.006579365079365074,0.00821428571428573,0.003083333333333327,0.00829960317460321,0.004738095238095208
GO:0002694,regulation of leukocyte activation,102,0.003786802030457004,0.0022294134235759655,0.0011577834179358204,0.0015021150592217092,-0.0011398759165256456,0.0013494077834177443
GO:0002702,positive regulation of production of molecular mediator of immune response,28,0.008663398692810298,0.003398692810457349,0.0057254901960783755,0.003813725490196096,0.005164488017429303,0.003277777777777713
GO:0002704,negative regulation of leukocyte mediated immunity,33,0.015323232323232183,0.008175084175084169,0.012025252525252328,0.0021212121212120794,0.006533670033670003,0.0032828282828282207
GO:0002706,regulation of lymphocyte mediated immunity,29,-0.0006187499999998902,0.0007791666666665531,-0.0008854166666665275,-0.0013374999999999915,-0.0038079861111111057,-0.0012124999999999497
GO:0003006,developmental process involved in reproduction,9,0.0008133608815426019,0.000638429752065961,0.0006260330578511386,-0.00017011019283730278,-0.0009451331496784787,-0.00020661157024792765
GO:0003012,muscle system process,84,0.005751028806584402,0.004861796982167377,0.005495884773662363,-0.0010596707818930629,-0.00101577503429362,-0.0011419753086420181
GO:0003014,renal system process,13,0.007320175438596532,0.003315789473684272,0.009087719298245589,0.007232456140350951,0.0030467836257311864,0.008438596491228245
GO:0003073,regulation of systemic arterial blood pressure,26,-0.002642857142856947,-0.001505291005291065,-0.00264285714285728,0.0018571428571430015,0.002460317460317607,0.0026349206349207677
GO:0006140,regulation of nucleotide metabolic process,14,0.006525925925925935,0.00503086419753096,0.005914814814814928,-0.0051962962962962544,-0.0029222222222222705,-0.003574074074074063
GO:0006289,nucleotide-excision repair,193,0.022763888888889028,0.011864197530864318,0.023060185185185156,0.0022314814814814454,-0.0061466049382716825,0.0009675925925927142
GO:0006401,RNA catabolic process,126,0.01563605442176863,0.014222505668934127,0.016545918367346868,0.00536479591836736,0.004831349206349311,0.0058035714285715745
GO:0006469,negative regulation of protein kinase activity,92,0.013662162162162317,0.015713463463463473,0.01802102102102099,0.014245495495495586,0.01150275275275292,0.014836336336336409
GO:0006505,GPI anchor metabolic process,99,0.022484126984127162,0.022150793650793754,0.021500000000000075,0.0030873015873016385,0.003370370370370468,0.0034523809523809845
GO:0006664,glycolipid metabolic process,19,0.0011634615384615854,0.0004775641025642763,0.0005224358974360577,-0.0008301282051281778,-0.0005341880341880323,-0.0010977564102563342
GO:0006692,prostanoid metabolic process,10,-0.0017692307692307452,-0.00045940170940173,-0.0018846153846152625,-0.00017948717948723658,-0.0007820512820512215,0.0005833333333333801
GO:0006694,steroid biosynthetic process,53,-0.009987804878048845,-0.011668021680216745,-0.007463414634146348,-0.0023414634146342594,-0.006716802168021729,-0.0018536585365854785
GO:0006790,sulfur compound metabolic process,51,0.0035064102564101862,0.003672008547008554,0.0033160256410256217,-6.794871794868484e-05,0.00030470085470091224,0.00011282051282046623
GO:0006874,intracellular calcium ion homeostasis,139,0.047162499999999885,0.035791666666666555,0.046545833333333175,0.039260416666666575,0.029579166666666712,0.03528958333333332
GO:0006886,intracellular protein transport,56,0.00600496688741714,0.005580941869021472,0.006093267108167821,0.01863907284768207,0.013657652685798438,0.016040838852097283
GO:0006890,"retrograde vesicle-mediated transport, Golgi to endoplasmic reticulum",74,0.04065942028985514,0.0471739130434784,0.03865217391304365,0.07149275362318841,0.07491545893719798,0.07942753623188414
GO:0006954,inflammatory response,19,0.006831018518518417,0.006594907407407313,0.006091435185185179,0.006527777777777799,0.0018541666666667123,0.0045023148148148895
GO:0006979,response to oxidative stress,47,0.012211215932913966,0.015552061495457736,0.01189465408805035,0.008682914046121537,0.00986338225017469,0.009068658280922515
GO:0007006,mitochondrial membrane organization,151,0.08936723163841809,0.07788559322033894,0.0877033898305084,0.0949562146892654,0.094439265536723,0.09887146892655363
GO:0007030,Golgi organization,141,0.026435555555555657,0.025849629629629667,0.026762222222222132,0.04589555555555558,0.048255555555555496,0.047599999999999976
GO:0007041,lysosomal transport,57,0.016103448275861965,0.013773307790549083,0.016559386973179935,0.014321839080459697,0.01623020434227329,0.014199233716475135
GO:0007204,positive regulation of cytosolic calcium ion concentration,47,0.01637142857142848,0.006896825396825346,0.016376190476190322,0.02980952380952373,0.01749682539682551,0.025595238095238226
GO:0007420,brain development,48,0.020519607843137222,0.013430065359477106,0.019262745098039047,0.026106862745098103,0.018305882352941172,0.02399803921568633
GO:0007611,learning or memory,0,-0.002166666666666872,-0.0008524904214561868,-0.0004137931034482456,-0.0018333333333331314,-0.0004789272030649716,-0.00019540229885051108
GO:0009141,nucleoside triphosphate metabolic process,21,0.006710144927536299,0.0057733494363929605,0.007033816425120798,0.004309178743961306,0.006152173913043457,0.003632850241545915
GO:0009201,ribonucleoside triphosphate biosynthetic process,21,0.00019166666666670107,-0.0011638888888888532,-0.0020083333333332787,0.005341666666666578,-0.0018333333333333535,0.0032000000000000917
GO:0009991,response to extracellular stimulus,8,-0.00019480519480508107,0.0003921356421354716,0.00016937229437230528,2.0562770562726485e-05,0.0010252525252525402,0.0010822510822511289
GO:0010660,regulation of muscle cell apoptotic process,4,-0.006152173913043568,-0.0041111111111111764,-0.0024057971014493917,-0.004869565217391347,-0.0047004830917873885,-0.0034057971014492816
GO:0010821,regulation of mitochondrion organization,26,0.00795567375886519,0.009288711583924414,0.008437056737588766,0.007272163120567221,0.009460992907801447,0.007761524822694987
GO:0010959,regulation of metal ion transport,56,0.0022639691714836374,0.005469171483622359,0.004601637764932498,-0.0012644508670518473,-0.002588953114964543,-0.0006435452793832619
GO:0010976,positive regulation of neuron projection development,15,0.004964912280701839,0.001614035087719401,0.003434210526315873,-0.01167105263157886,-0.0012880116959063104,-0.009688596491227996
GO:0016051,carbohydrate biosynthetic process,23,6.944444444456632e-05,0.0008009259259259549,0.0004375000000000906,-0.0014166666666667327,0.0014583333333331172,-0.0017569444444445192
GO:0016101,diterpenoid metabolic process,23,0.002579166666666577,0.0020513888888888943,0.0021500000000000963,0.00039166666666667904,-0.00042638888888879567,0.0008166666666666877
GO:0019369,arachidonic acid metabolic process,38,0.005007246376811603,-0.0006111111111110068,0.004949275362318817,-0.00015942028985505008,-0.002277777777777934,0.0007898550724637632
GO:0019722,calcium-mediated signaling,60,0.009380952380952379,0.009603174603174502,0.013059523809523799,0.007904761904761748,0.01729365079365064,0.016999999999999904
GO:0019731,antibacterial humoral response,8,0.0015862068965516452,0.0011570881226053986,0.0011609195402297878,-0.002114942528735675,-0.0021072796934865634,-0.0015000000000000568
GO:0030203,glycosaminoglycan metabolic process,12,0.004450757575757636,0.0021376262626264797,0.003352272727272898,0.002060606060606207,0.0017537878787878824,0.0016818181818183398
GO:0030301,cholesterol transport,65,0.03464166666666679,0.037497222222222515,0.033891666666666875,0.04010833333333319,0.03859027777777757,0.03963749999999999
GO:0030832,regulation of actin filament length,65,0.020948484848484994,0.01442020202020211,0.019854545454545458,0.03152121212121206,0.021380808080808,0.03212121212121222
GO:0031113,regulation of microtubule polymerization,46,0.05590789473684232,0.05710233918128671,0.0544473684210528,0.05813596491228079,0.04951608187134504,0.05770175438596492
GO:0031507,heterochromatin formation,32,-0.003484375000000095,0.002607638888888819,0.0008749999999998481,0.007401041666666552,0.00448611111111108,0.008776041666666679
GO:0031570,DNA integrity checkpoint signaling,189,0.02529605263157897,0.01146162280701768,0.023005482456140425,0.0014276315789474303,-0.0032916666666666927,0.0038881578947368434
GO:0031638,zymogen activation,25,0.009446236559139565,0.006890681003584143,0.01103763440860217,0.0030268817204301968,-0.0008225806451612749,0.0046451612903225525
GO:0031648,protein destabilization,5,0.018719047619047635,0.010949206349206375,0.020547619047619037,0.006404761904762024,-0.00023333333333330764,0.006833333333333469
GO:0032376,positive regulation of cholesterol transport,11,0.013393333333333257,0.013519999999999976,0.010666666666666602,0.00026666666666641525,-0.0035111111111112425,0.0017933333333332024
GO:0032465,regulation of cytokinesis,44,0.030354978354978357,0.037220779220779265,0.03588095238095235,0.028926406926407022,0.03145743145743152,0.03061471861471865
GO:0032720,negative regulation of tumor necrosis factor production,18,0.014324786324786398,0.006017094017094049,0.011559829059829108,-0.0026410256410257515,-0.000705128205128247,-0.004410256410256386
GO:0032784,regulation of DNA-templated transcription elongation,82,0.001263440860215126,-0.005618279569892359,0.0035537634408601138,-0.0016182795698926888,-0.0010824372759858925,-1.1102230246251565e-16
GO:0032970,regulation of actin filament-based process,144,0.0074436685288640225,0.0024494103041589055,0.005067039106145255,0.017677839851024113,0.01765394165114831,0.01856145251396657
GO:0033045,regulation of sister chromatid segregation,11,-0.002472727272727293,-0.0017262626262626313,-0.0037333333333333663,-0.0032999999999998586,-0.0011202020202020213,-0.0004939393939393799
GO:0033619,membrane protein proteolysis,24,-0.0010804597701148388,-0.0028544061302682167,-0.0012068965517241237,-0.0032528735632184613,-0.000954022988505554,-0.001275862068965461
GO:0034067,protein localization to Golgi apparatus,32,0.06120833333333331,0.060104166666666736,0.0616458333333334,0.12220138888888887,0.11214351851851856,0.12320138888888887
GO:0034142,toll-like receptor 4 signaling pathway,71,0.03003968253968259,0.021079365079365142,0.03486507936507943,0.0064841269841268145,0.010928571428571399,0.008063492063491995
GO:0034440,lipid oxidation,36,0.0014356060606061094,0.002537878787878811,0.0018143939393939768,0.0015227272727272867,0.0009406565656565613,0.0010984848484848486
GO:0034470,ncRNA processing,29,0.0006459694989108256,0.0006712055192448219,0.0006840958605665026,7.897603485840232e-05,-0.00023093681917218944,0.0001590413943355351
GO:0034728,nucleosome organization,35,-0.0008499999999999064,-0.0005199999999999649,5.6666666666704835e-05,0.00013333333333342967,0.0036488888888889237,1.3333333333420683e-05
GO:0035308,negative regulation of protein dephosphorylation,2,0.006227272727272748,0.004161616161616144,0.0034924242424242413,0.005984848484848704,0.0029520202020201225,0.0011742424242425775
GO:0038127,ERBB signaling pathway,80,0.0022701149425288225,0.005201149425287377,0.003264367816091962,0.003034482758620616,-0.0012662835249042104,-0.0020574712643677273
GO:0039532,negative regulation of cytoplasmic pattern recognition receptor signaling pathway,40,0.0064810606060605735,-0.002520202020201978,-0.004227272727272746,0.006435606060606225,0.004439393939393965,0.005276515151515282
GO:0042158,lipoprotein biosynthetic process,20,-0.0018235294117645573,-0.00425054466230923,-0.0006437908496730316,0.00023529411764700026,-0.0031176470588235583,0.00019281045751629033
GO:0042269,regulation of natural killer cell mediated cytotoxicity,70,0.010254629629629752,0.015461419753086458,0.015023148148148202,0.01850462962962951,0.016637345679012316,0.016833333333333367
GO:0042632,cholesterol homeostasis,37,0.042886363636363556,0.03949579124579128,0.042542929292929355,0.02838383838383851,0.022643939393939383,0.02831818181818191
GO:0042742,defense response to bacterium,36,0.0028715846994535887,0.002760473588342527,0.0026304644808742284,0.002303961748634009,0.000983151183970965,0.0022506830601094485
GO:0043001,Golgi to plasma membrane protein transport,59,0.02598333333333347,0.020294444444444504,0.024466666666666637,0.025766666666666715,0.02693611111111116,0.025500000000000078
GO:0043112,receptor metabolic process,26,0.0019679487179488087,-0.003412393162393168,0.0007371794871794402,-0.005378205128204971,-0.0005341880341879213,-0.00517948717948713
GO:0043243,positive regulation of protein-containing complex disassembly,7,-0.008287878787878733,0.0027651515151514428,0.003969696969696956,0.009424242424242557,-0.005734848484848509,-0.00435606060606053
GO:0043300,regulation of leukocyte degranulation,12,0.007063492063492105,0.009410052910052813,0.008198412698412816,0.0010396825396825626,0.000888888888888828,0.0014761904761905198
GO:0043434,response to peptide hormone,34,0.005089912280701769,0.0028077485380115785,0.0025921052631578956,-0.00251973684210538,-0.0029619883040935546,-0.004688596491228103
GO:0043467,regulation of generation of precursor metabolites and energy,12,0.0006179487179487353,0.0030794871794871392,0.001253846153846272,0.003761538461538483,0.0031188034188034397,0.0036923076923076614
GO:0043489,RNA stabilization,47,0.05705555555555564,0.032582621082621,0.05320512820512835,0.05432051282051287,0.05182905982905983,0.05170512820512818
GO:0043588,skin development,19,-0.0025672043010752654,-0.002183691756272421,-0.0003978494623654294,0.006032258064516238,0.0007150537634408316,0.005172043010752692
GO:0044843,cell cycle G1/S phase transition,60,-0.012589506172839604,-0.0016183127572018119,-0.011299382716049577,0.0033333333333334103,0.0004897119341563672,0.00503086419753096
GO:0045446,endothelial cell differentiation,13,0.02107777777777775,0.029879629629629645,0.0214833333333333,0.016877777777777547,0.019009259259259115,0.017583333333333173
GO:0045598,regulation of fat cell differentiation,11,0.004021505376344048,0.0038010752688171223,0.0048817204301074835,0.022983870967741904,0.018121863799283155,0.023510752688171932
GO:0045732,positive regulation of protein catabolic process,33,0.0005047425474256073,-0.0014324751580847561,0.0014369918699188577,-0.001941734417344243,0.0009209575429086625,0.0014146341463414647
GO:0045740,positive regulation of DNA replication,32,0.10219166666666668,0.10808055555555562,0.10718333333333319,0.10862499999999997,0.10549722222222213,0.09917500000000001
GO:0045839,negative regulation of mitotic nuclear division,23,0.013753333333333284,0.012942222222222188,0.01217333333333348,0.00043333333333339663,-0.010084444444444451,-0.00048000000000003595
GO:0045861,negative regulation of proteolysis,6,0.0008438228438230055,0.0007152292152292627,0.000701631701631733,0.0018152680652679942,0.00143861693861691,0.001998834498834312
GO:0045943,positive regulation of transcription by RNA polymerase I,36,0.011689393939394055,0.015186868686868693,0.01041666666666663,0.0065606060606059335,-0.017939393939394033,0.004575757575757566
GO:0046394,carboxylic acid biosynthetic process,169,0.0016694915254236165,0.0003210922787193482,0.0010536723163842021,0.001562146892655325,0.0013382768361580588,0.001981638418078857
GO:0046427,positive regulation of receptor signaling pathway via JAK-STAT,51,-0.0032916666666666927,-0.011236111111111224,-0.011086805555555634,0.0015208333333331936,0.00020138888888876494,0.003874999999999851
GO:0046486,glycerolipid metabolic process,37,-0.0005399408284023632,4.602235371464758e-06,-0.0008466469428008994,-0.00016863905325448236,-0.0010757725180802202,-0.0005759368836293355
GO:0046578,regulation of Ras protein signal transduction,26,0.049007936507936556,0.036689153439153466,0.05138888888888893,0.024809523809523948,0.029611111111111255,0.02639682539682553
GO:0046635,positive regulation of alpha-beta T cell activation,27,0.016713333333333247,0.0009466666666666512,0.0037133333333332352,-0.039959999999999885,-0.04180666666666666,-0.027539999999999898
GO:0046683,response to organophosphorus,0,0.0,0.0,0.0,0.0,0.0,0.0
GO:0046718,symbiont entry into host cell,4,0.0014885057471264451,0.0012892720306514338,0.0008103448275862402,0.0016379310344829534,0.0012413793103448478,0.0014195402298851079
GO:0048284,organelle fusion,22,0.010645424836601358,0.011098039215686306,0.01286928104575169,0.004147058823529393,0.001927015250544617,0.004303921568627467
GO:0048515,spermatid differentiation,5,0.0046465517241377485,0.005312260536398328,0.005166666666666542,-5.747126436783656e-05,-0.005942528735632169,-0.0008103448275861291
GO:0048589,developmental growth,23,0.005583333333333496,0.0024001736111113336,0.004572916666666926,-0.0033437500000000897,-0.0018263888888889745,-0.0012708333333333321
GO:0050691,regulation of defense response to virus by host,14,-0.0005555555555555314,-0.004881481481481598,-0.005633333333333379,0.006694444444444447,0.009083333333333332,0.004461111111111027
GO:0050708,regulation of protein secretion,20,0.021145032051282042,0.020658920940170855,0.02071233974358977,0.007501602564102594,0.009236378205128348,0.006782051282051227
GO:0050709,negative regulation of protein secretion,8,0.04734523809523805,0.017242063492063475,0.04743452380952373,0.01648214285714278,0.007684523809523891,0.01631547619047613
GO:0050727,regulation of inflammatory response,29,0.012875338753387422,0.01562037037037034,0.013894986449864533,0.004478319783197904,0.0056230803974708365,0.004621273712737128
GO:0050728,negative regulation of inflammatory response,10,-0.0015922619047619158,0.00019742063492056428,0.0003065476190475813,0.0036071428571426978,0.003610119047618876,0.0012172619047617905
GO:0050954,sensory perception of mechanical stimulus,3,0.002778985507246423,0.0016352657004830018,0.0014673913043478093,0.001753623188405773,0.0024444444444444713,0.0020688405797102405
GO:0051048,negative regulation of secretion,14,0.007775132275132268,0.015455026455026388,0.007698412698412649,0.013380952380952382,0.017808641975308515,0.013186507936507996
GO:0051146,striated muscle cell differentiation,47,-0.017880208333333147,-0.008057291666666688,-0.008984374999999822,0.02128124999999992,0.026694444444444354,0.025755208333333224
GO:0051205,protein insertion into membrane,111,0.019847619047619114,0.008299999999999974,0.02180000000000004,0.014042857142857135,0.012161904761904818,0.01395714285714278
GO:0051259,protein complex oligomerization,50,-0.008498873873873936,0.0004673423423423584,-0.002729729729729957,0.009827702702702501,0.009800112612612488,0.007242117117117086
GO:0051495,positive regulation of cytoskeleton organization,36,-0.0014174242424243033,-0.0024845959595959366,0.0017143939393938767,0.0018901515151514836,-0.003544444444444461,0.001958333333333395
GO:0051926,negative regulation of calcium ion transport,29,-0.012639784946236632,-0.015478494623655914,-0.008924731182795687,-0.020123655913978467,-0.01105645161290325,-0.015188172043010706
GO:0051972,regulation of telomerase activity,11,0.008000000000000007,0.008147147147147038,0.008468468468468493,0.015297297297297119,0.015600600600600534,0.015878378378378355
GO:0060261,positive regulation of transcription initiation by RNA polymerase II,243,0.002265625000000049,0.002547743055555607,0.0008802083333333544,0.008708333333333318,0.011225694444444434,0.010041666666666726
GO:0060285,cilium-dependent cell motility,27,0.002245098039215798,0.003183006535947719,0.0023431372549019835,0.0009558823529414173,-0.005560457516339601,0.0015392156862746864
GO:0060306,regulation of membrane repolarization,18,-0.004037878787878535,-6.31313131311817e-05,-0.001901515151515043,-0.0010984848484847376,0.003378787878787981,4.545454545468175e-05
GO:0060562,epithelial tube morphogenesis,14,0.0007314814814813886,-0.002030864197530846,-0.0004351851851851496,0.005699074074074106,0.002719135802469075,0.004847222222222225
GO:0061013,regulation of mRNA catabolic process,114,0.014941269841269977,0.011911640211640373,0.015303174603174763,0.024399999999999977,0.019185185185185083,0.024800000000000044
GO:0061564,axon development,21,0.025908602150537696,0.01722580645161298,0.02323655913978495,0.00023118279569900313,6.272401433704555e-05,0.0008655913978494745
GO:0062207,regulation of pattern recognition receptor signaling pathway,132,0.006070570570570588,0.006546296296296328,0.004528528528528586,0.0031043543543542995,0.0030207707707707865,0.0014211711711711317
GO:0070169,positive regulation of biomineral tissue development,8,0.0008333333333332416,-0.004228888888888949,0.0003333333333332966,-0.0007933333333332016,-0.0021733333333333604,-0.003526666666666678
GO:0070663,regulation of leukocyte proliferation,25,-0.0015467836257309076,0.0014415204678361881,0.00018494152046799606,-0.0006747076023391196,0.0004943957115007835,-0.0003728070175439413
GO:0070972,protein localization to endoplasmic reticulum,67,0.04968095238095227,0.049176190476190484,0.049142857142857266,0.040690476190476166,0.03345714285714285,0.042823809523809375
GO:0071456,cellular response to hypoxia,25,0.05296448087431693,0.04691621129326029,0.053707650273223884,0.030079234972677504,0.03632422586520945,0.03276912568306001
GO:0071560,cellular response to transforming growth factor beta stimulus,180,0.011706572769953016,0.00825586854460092,0.013199530516431857,0.032284037558685585,0.03159937402190938,0.0285915492957749
GO:0071677,positive regulation of mononuclear cell migration,7,0.0024969696969697752,0.005529292929292939,0.001942424242424301,-0.004796969696969744,-0.0016020202020202712,-0.004212121212121223
GO:0071692,protein localization to extracellular region,9,0.0008560606060606935,0.0006085858585859194,-0.001424242424242439,-0.008431818181818151,-0.0027752525252522364,-0.007484848484848428
GO:0071773,cellular response to BMP stimulus,35,0.007416666666666738,0.007993827160494016,0.007995370370370458,0.015736111111111284,0.017233024691358012,0.014925925925926009
GO:0072001,renal system development,53,0.018115384615384533,0.020807692307692194,0.020330769230769263,0.011305128205128079,0.006823931623931578,0.008825641025640985
GO:0072337,modified amino acid transport,40,0.01684126984126999,0.013314814814815001,0.018023809523809553,0.001801587301587304,-0.0005343915343913874,0.0007619047619049635
GO:0090087,regulation of peptide transport,13,0.0029655172413793895,-0.0034971264367815724,0.0006580459770115787,-0.0020804597701148397,-0.005788314176245146,-0.0029655172413792785
GO:0090150,establishment of protein localization to membrane,140,0.009665079365079432,0.005934920634920737,0.005856349206349254,0.009738888888888741,0.005824338624338732,0.009736507936507821
GO:0090169,regulation of spindle assembly,17,-0.003444444444444472,0.003757201646090391,0.007567901234567853,0.01032098765432099,0.010144032921810653,0.010604938271604802
GO:0097305,response to alcohol,10,0.002102339181286661,0.0011861598440546794,0.0025087719298246824,-0.00012865497076042232,-0.0010009746588692803,-0.0002105263157894388
GO:1900182,positive regulation of protein localization to nucleus,19,-0.0031535947712417745,0.0072734204793027946,0.007460784313725544,-0.000647058823529445,-0.0027178649237473707,0.0017058823529412237
GO:1901343,negative regulation of vasculature development,17,0.01589613526570044,0.008134460547503997,0.008399758454106232,0.0013285024154590097,0.0026964573268921654,0.0007717391304349341
GO:1901617,organic hydroxy compound biosynthetic process,36,0.006355191256830706,0.005602003642987352,0.005718579234972765,0.005010928961748706,0.004586520947176709,0.004349726775956464
GO:1902476,chloride transmembrane transport,31,0.006033333333333335,0.012217777777777772,0.007160000000000166,0.004106666666666703,0.004366666666666741,0.003986666666666583
GO:1902745,positive regulation of lamellipodium organization,7,0.002086666666666681,0.0014511111111111807,-0.00023999999999990695,0.0027399999999998537,-0.0013600000000000279,0.0005799999999999139
GO:1902893,regulation of miRNA transcription,85,0.009583333333333166,-9.003831417642161e-05,0.0023160919540228253,0.004393678160919401,0.012429118773946368,0.003715517241379307
GO:1903039,positive regulation of leukocyte cell-cell adhesion,18,0.0002140672782874331,0.00018017329255870518,0.001241590214067223,-0.0007285932721713406,-0.0004959225280325441,-0.0005038226299692861
GO:1903053,regulation of extracellular matrix organization,26,0.001883838383838432,-0.009621212121212142,-0.009515151515151477,0.0114646464646464,0.0079949494949495,0.004954545454545434
GO:1903533,regulation of protein targeting,5,-0.0028888888888888298,-0.001549382716049319,-0.0035246913580246897,-1.8518518518528815e-05,-0.004380658436214047,-0.0003703703703704653
GO:1904358,positive regulation of telomere maintenance via telomere lengthening,10,0.0075104166666665195,0.005897569444444528,0.00730729166666666,0.017145833333333416,0.016149305555555604,0.01778125000000008
GO:1904646,cellular response to amyloid-beta,18,-0.010484126984126929,-0.005962962962963059,-0.009682539682539848,0.015904761904761866,0.016664021164021214,0.014920634920634779
GO:1904707,positive regulation of vascular associated smooth muscle cell proliferation,28,0.021233333333333326,0.01908333333333334,0.020366666666666866,0.012750000000000039,0.02247499999999991,0.016066666666666674
GO:1990928,response to amino acid starvation,42,0.013255555555555465,0.007277777777777827,0.012533333333333285,-0.003551851851851917,-0.006639506172839482,-0.0018222222222221696
GO:2001056,positive regulation of cysteine-type endopeptidase activity,45,0.013916666666666577,0.0168897569444445,0.018342881944444334,0.00045138888888895945,0.0039056712962963758,0.002583333333333382
GO:2001236,regulation of extrinsic apoptotic signaling pathway,77,0.0023529411764705577,0.005819607843137065,0.004188235294117493,0.021930392156862766,0.010289869281045694,0.02268529411764708
GO:2001242,regulation of intrinsic apoptotic signaling pathway,106,0.014024371069182417,0.010095387840670877,0.015255503144654181,0.01621619496855342,0.02181944444444439,0.017036949685534597
GO:2001251,negative regulation of chromosome organization,27,-0.0023005952380952266,-0.001687500000000064,-0.0021800595238095077,0.004101190476190619,0.007978174603174626,0.006761904761904858
