term,name,n_train_pos,n_train_neg,new_pos_removed_from_neg,n_test_pos,n_test_neg,minilm:full,minilm:target,ada:full,gene2vec,tfidf:full
GO:0045732,positive regulation of protein catabolic process,123,1998,2,24,2000,0.5742083333333334,0.5828749999999999,0.58275,0.5041249999999999,0.6627604166666667
GO:0050728,negative regulation of inflammatory response,56,1997,3,12,2000,0.773,0.7682916666666667,0.6807916666666667,0.6024166666666666,0.7591875
GO:0007006,mitochondrial membrane organization,59,1999,1,11,2000,0.9333181818181818,0.8651590909090909,0.8788181818181817,0.8137727272727272,0.9229999999999999
GO:0003006,developmental process involved in reproduction,121,2000,0,17,2000,0.8044411764705882,0.8061470588235293,0.7950882352941177,0.7459705882352942,0.8466764705882353
GO:0007041,lysosomal transport,87,1998,2,13,2000,0.7443846153846154,0.7132307692307692,0.7445576923076923,0.6232692307692308,0.7235384615384615
GO:0061013,regulation of mRNA catabolic process,105,2000,0,15,2000,0.9403666666666668,0.9232,0.8303499999999999,0.6800999999999999,0.9443666666666667
GO:0031507,heterochromatin formation,32,1997,3,21,2000,0.7865952380952381,0.7791666666666667,0.8443095238095238,0.6512619047619048,0.8668809523809524
GO:0051259,protein complex oligomerization,148,1994,6,26,2000,0.5726153846153846,0.5783653846153846,0.6210384615384615,0.5041153846153846,0.6792980769230769
GO:0006886,intracellular protein transport,151,2000,0,15,2000,0.6787,0.673,0.7884666666666668,0.6297333333333334,0.7281333333333332
GO:0030301,cholesterol transport,40,1998,2,10,2000,0.86775,0.78665,0.734225,0.52435,0.8934000000000001
GO:0006401,RNA catabolic process,98,1999,1,28,2000,0.7741785714285714,0.8164642857142858,0.7852857142857144,0.6135892857142857,0.8581964285714285
GO:0001959,regulation of cytokine-mediated signaling pathway,98,1997,3,15,2000,0.7053,0.6941999999999999,0.7392666666666666,0.6251,0.7573333333333333
GO:0062207,regulation of pattern recognition receptor signaling pathway,111,1996,4,46,2000,0.6758913043478261,0.6783586956521739,0.6884891304347827,0.6064456521739131,0.6900108695652174
GO:0006979,response to oxidative stress,159,1995,5,33,2000,0.5489090909090909,0.5338333333333334,0.7597878787878788,0.578469696969697,0.5501666666666667
GO:0006790,sulfur compound metabolic process,130,2000,0,20,2000,0.917075,0.9255,0.9072250000000001,0.654125,0.9446249999999999
GO:0046394,carboxylic acid biosynthetic process,118,2000,0,13,2000,0.9331153846153846,0.9255384615384615,0.8488461538461538,0.7657692307692308,0.9015384615384616
GO:0002694,regulation of leukocyte activation,197,1998,2,28,2000,0.8145892857142858,0.806875,0.8726964285714286,0.7652857142857142,0.8617232142857143
GO:0002706,regulation of lymphocyte mediated immunity,80,1996,4,21,2000,0.7128571428571429,0.6992380952380952,0.7124285714285714,0.7538571428571428,0.7829166666666667
GO:0048515,spermatid differentiation,29,2000,0,12,2000,0.8607083333333333,0.8578749999999999,0.934375,0.6824375,0.8066458333333334
GO:0042632,cholesterol homeostasis,33,1998,2,11,2000,0.5874545454545455,0.5871363636363636,0.6809545454545455,0.522090909090909,0.7143636363636363
GO:0050727,regulation of inflammatory response,123,1996,4,38,2000,0.6727302631578947,0.6777763157894736,0.7809078947368421,0.7244078947368421,0.7625592105263158
GO:0010821,regulation of mitochondrion organization,94,1999,1,12,2000,0.7795833333333333,0.7712083333333335,0.8367916666666667,0.6193124999999999,0.8537291666666667
GO:0019731,antibacterial humoral response,29,1999,1,13,2000,0.8425384615384616,0.8346538461538462,0.8726153846153847,0.6038461538461538,0.9471923076923077
GO:0010959,regulation of metal ion transport,173,1996,4,18,2000,0.7186388888888888,0.7295555555555556,0.7240000000000001,0.599388888888889,0.8165555555555555
GO:0002704,negative regulation of leukocyte mediated immunity,33,1997,3,13,2000,0.6250769230769231,0.61,0.581,0.6309230769230769,0.7291346153846153
GO:0039532,negative regulation of cytoplasmic pattern recognition receptor signaling pathway,44,1997,3,17,2000,0.5326176470588235,0.5309117647058823,0.5711176470588235,0.6337058823529412,0.5351764705882353
GO:0019722,calcium-mediated signaling,56,1998,2,14,2000,0.6707857142857143,0.6331071428571429,0.7396785714285714,0.4690357142857142,0.8600714285714286
GO:0048284,organelle fusion,51,1998,2,23,2000,0.8290869565217392,0.8338369565217392,0.8564565217391304,0.5675652173913044,0.8310326086956521
GO:0042742,defense response to bacterium,122,1998,2,25,2000,0.7888200000000001,0.7976,0.8656900000000001,0.62732,0.86326
GO:0006954,inflammatory response,72,1996,4,30,2000,0.6583166666666667,0.6652666666666667,0.7183250000000001,0.6826,0.7396833333333335
GO:0046486,glycerolipid metabolic process,169,1999,1,18,2000,0.9299166666666667,0.9256944444444444,0.9687083333333334,0.7053055555555556,0.9690833333333332
GO:0032784,regulation of DNA-templated transcription elongation,31,1997,3,21,2000,0.6696666666666666,0.7396428571428572,0.7375833333333333,0.6971428571428572,0.805797619047619
GO:0006664,glycolipid metabolic process,52,1999,1,14,2000,0.9005,0.9004107142857144,0.8144642857142858,0.5652857142857142,0.931125
