data/downloads/GenePT_emebdding_v2.zip	574395233	6193575dcbd7bbf214c8ca3eb518cb3d13272443f98ecd6c26402411a7ca745e
data/raw/genept/GenePT_gene_embedding_ada_text.pickle	460797248	fd297510ddd3040744033fde0b0f2cf15a40ac8b2fd2fb02f10667295e55c862
data/raw/genept/GenePT_gene_protein_embedding_model_3_text.pickle.	909175027	cd64611edab310b517cbb461295605a37821f6cd4f8ddae90ba18a2f861a6618
data/raw/genept/NCBI_summary_of_genes.json	10982188	3db721b7cfbc35795428c6a7ab4e8a9c59fb5f5ccb8c64af50dd3c97c2d4de2e
data/raw/genept/NCBI_UniProt_summary_of_genes.json	19163456	319897d7e2f8a0306bccdf2d022982b3c8321dbec8273739094021d57e414c31
data/raw/genept/zip_listing.txt	598	973ff705ca344ddb45e886923f971b49299b0b7b3244fed301d067c76d8ecfd2
data/raw/go/current/go-basic.obo	32227785	b08d45b268b8c24ccb2513dbbbc7d4df9f6521c099b413f79eb31e06e0fa3bcc
data/raw/go/current/goa_human.gaf.gz	15041996	db472faff1785878521693af62646546cea6af4a386609dd01c72c0554a46a30
data/raw/go/baseline/go-basic.obo	31267219	036ac170c4cc38e35af1749e208b1066b8a9e42edec4cc3aa5ed8befddb1e672
data/raw/go/baseline/goa_human.gaf.gz	11886126	a561c363d3f15caf173f3cf6101988b6dbed088de645004746b2d9f3f1f3c264
data/raw/hgnc_complete_set.txt	16963116	2b4224ea847df2fc6982f5b2a52804c5d92fbb8810b134afb636f6029452dc03
data/raw/Homo_sapiens.gene_info.gz	5191996	cdeb1bfc6c43e6d375ccc40ee56d0a08e7befff60dbc63b364e2b1bb825e3727
data/raw/gene2pubmed_human.tsv	65068222	e5458118101a0bc103e49ef9953690c03282945f9f1ca6b9f3c2fca205773001
data/raw/gene2vec_dim_200_iter_9.txt	56682049	3441d642d4b153e4366dac02d930b3d941b3002d5484a8b3b1b85974d4feeb61
